USE [SkyQuery_MYDB_test]



CREATE TABLE [mydb].[MyCatalog]
(
	[ObjID] [bigint] IDENTITY(1,1) NOT NULL,
	[Ra] [float] NOT NULL,
	[Dec] [float] NOT NULL,
	[mag_g] [float] NOT NULL,
	[mag_r] [float] NOT NULL,
	[mag_i] [float] NOT NULL,
	CONSTRAINT [PK_MyCatalog] PRIMARY KEY CLUSTERED 
	(
		[ObjID] ASC
	) WITH (PAD_INDEX = OFF, STATISTICS_NORECOMPUTE = OFF, IGNORE_DUP_KEY = OFF, ALLOW_ROW_LOCKS = ON, ALLOW_PAGE_LOCKS = ON) ON [PRIMARY]
) ON [PRIMARY]

GO


INSERT [mydb].[MyCatalog]
	(Ra, Dec, mag_g, mag_r, mag_i)
VALUES
	(263.40867207, 6.27896065, 23.47177, 21.69188, 21.18722),
	(263.43406403, 6.30947246, 22.72938, 21.86932, 21.19864),
	(263.40616068, 6.28081089, 20.57455, 19.69652, 19.33889),
	(263.40803023, 6.28729414, 22.95704, 20.8329, 20.23505),
	(263.41150187, 6.29095996, 23.01003, 20.95041, 19.84021),
	(263.43306932, 6.3150788, 25.25804, 21.01757, 20.30796),
	(263.42712033, 6.31074259, 22.75493, 21.88667, 20.66283),
	(263.4223842, 6.30609057, 22.75909, 21.56059, 21.55142),
	(263.43345209, 6.31848352, 21.25745, 20.01342, 19.71959),
	(263.40820661, 6.29213701, 22.27276, 21.28579, 20.3279),
	(263.42381127, 6.30924289, 23.99088, 21.94403, 20.51614),
	(263.41246987, 6.30229645, 24.84565, 22.94453, 21.38941),
	(263.40123025, 6.2913653, 26.32451, 22.06498, 21.11088),
	(263.44211413, 6.34025984, 23.85979, 22.42437, 20.932),
	(263.41536808, 6.31249, 22.63746, 21.80891, 21.46546),
	(263.43818234, 6.33676487, 23.68965, 22.59907, 21.00224),
	(263.45572389, 6.35493534, 21.63558, 20.67782, 20.00704),
	(263.45811155, 6.35867045, 22.9357, 21.22196, 20.06526),
	(263.43248334, 6.33433983, 23.8391, 23.26538, 21.51553),
	(263.43102396, 6.33344044, 23.2767, 22.59141, 20.70537),
	(263.40283176, 6.3045036, 26.43796, 24.02654, 21.45874),
	(263.43907646, 6.34311103, 22.36704, 20.84571, 20.09839),
	(263.41750223, 6.32294676, 21.5723, 20.95234, 20.6911),
	(263.41121263, 6.31676208, 21.85615, 21.22926, 20.94818),
	(263.39349835, 6.30066352, 26.3162, 23.55802, 21.52916),
	(263.41429611, 6.32451781, 22.99831, 21.77429, 21.62908),
	(263.40888677, 6.32018764, 22.43437, 21.22899, 20.81155),
	(263.38146282, 6.29260146, 20.12132, 18.83755, 19.01108),
	(263.46812076, 6.38255622, 25.82022, 22.52467, 21.23684),
	(263.44744112, 6.36151626, 22.91824, 21.06559, 20.47453),
	(263.40310556, 6.31621652, 22.05346, 20.95592, 20.1929),
	(263.43187504, 6.34825512, 20.409, 19.13909, 18.58245),
	(263.39164194, 6.30669782, 24.03715, 22.84481, 21.16284),
	(263.44903278, 6.36693275, 22.45597, 21.81112, 21.62815),
	(263.40295522, 6.31964125, 23.01927, 21.87161, 21.13121),
	(263.41575071, 6.33365628, 25.34701, 23.21771, 21.22391),
	(263.44383422, 6.3635064, 20.8388, 18.86433, 18.73601),
	(3.42482623, 6.34396288, 22.29361, 21.26458, 19.89304),
	(263.41841774, 6.33868615, 22.90238, 21.58285, 21.24602),
	(263.43012347, 6.35084961, 22.53761, 21.46101, 20.87561),
	(263.39270698, 6.31260574, 23.24104, 22.23395, 21.45046),
	(263.38338397, 6.30533054, 19.78104, 19.22917, 18.97514),
	(263.46278429, 6.38793843, 22.85766, 21.24398, 20.81153),
	(263.42876596, 6.35451651, 22.09126, 21.07802, 21.49145),
	(263.37507502, 6.29957235, 19.99186, 19.397, 19.19206),
	(263.42461239, 6.35156818, 24.7282, 23.32842, 21.63886),
	(263.41510401, 6.34179269, 25.45049, 22.44326, 21.1549),
	(263.4540086, 6.38206139, 24.72978, 22.64961, 21.34009),
	(263.38125204, 6.30656045, 22.97384, 22.10812, 21.61465),
	(263.45900743, 6.3884019, 22.17671, 21.11469, 21.3936),
	(263.3978526, 6.32637992, 23.80548, 22.73029, 20.94004),
	(263.4322712, 6.36224821, 24.3206, 22.92469, 21.77836),
	(263.39435098, 6.32330014, 22.5864, 21.41694, 20.63534),
	(263.38637531, 6.31641761, 21.62238, 20.92636, 20.68917),
	(263.37497971, 6.30448937, 20.13812, 19.71695, 19.66856),
	(263.42667868, 6.35865901, 21.78837, 20.8439, 20.55304),
	(263.48744233, 6.42126583, 25.55434, 22.2666, 21.41908),
	(263.38880055, 6.32000253, 25.70705, 22.525, 20.87518),
	(63.37172016, 6.30498521, 19.6928, 18.99199, 18.81705),
	(263.37396752, 6.30958487, 24.52889, 21.83779, 20.96744),
	(263.44281224, 6.38233023, 25.18706, 21.7423, 22.28284),
	(263.37547414, 6.31320183, 20.8782, 19.77538, 19.36538),
	(263.46640002, 6.40785856, 22.87822, 21.03086, 20.32526),
	(263.36908867, 6.30713371, 23.26387, 22.42528, 21.50131),
	(263.44423111, 6.38531382, 22.22846, 20.88203, 19.93023),
	(263.36860627, 6.307799, 23.48485, 23.29825, 21.16452),
	(263.49493513, 6.43815465, 23.27528, 21.42925, 20.59535),
	(263.45911714, 6.40214498, 23.37703, 22.24945, 21.20406),
	(263.480879, 6.42446179, 23.26778, 22.35417, 21.59884),
	(263.36751923, 6.30805931, 22.19034, 20.53412, 19.87628),
	(263.38134935, 6.32282988, 23.77682, 22.77244, 23.70366),
	(263.46554713, 6.40989284, 22.01324, 20.91478, 20.62889),
	(263.40412792, 6.34678353, 23.32985, 22.01684, 22.0449),
	(263.45709782, 6.40253978, 22.51891, 21.60872, 21.39531),
	(263.42311664, 6.36774504, 22.53048, 21.60953, 21.49972),
	(263.36779091, 6.31020601, 22.48737, 22.01729, 22.19823),
	(263.40552942, 6.35011891, 23.18706, 22.24557, 22.22124),
	(263.36064121, 6.30367195, 23.43118, 21.98151, 22.22107),
	(263.36393097, 6.30719582, 24.00186, 22.38159, 21.81511),
	(263.49102787, 6.4388798, 22.05235, 21.10879, 20.77577),
	(263.36689557, 6.31116025, 23.37283, 21.73892, 21.12111),
	(263.46523195, 6.41313978, 21.99093, 20.33935, 19.69054),
	(263.46637325, 6.41467949, 23.66651, 21.9756, 21.43722),
	(263.47175666, 6.42017497, 24.44003, 22.13234, 20.96818),
	(263.47483317, 6.42399541, 22.38494, 24.2503, 25.47459),
	(263.41870686, 6.36748272, 22.29274, 21.54408, 21.20613),
	(263.46766179, 6.41772072, 21.91333, 20.20925, 19.91189),
	(263.43464446, 6.38402449, 22.34996, 21.68083, 21.08099),
	(263.45757374, 6.40830846, 25.57703, 20.94386, 20.87542),
	(263.4909028, 6.44304838, 22.69182, 21.27491, 20.78152),
	(263.37233275, 6.32201105, 22.29361, 21.7074, 20.7657),
	(263.392843, 6.34436445, 23.8248, 21.93629, 21.07363),
	(263.48737119, 6.44238652, 22.48925, 21.48298, 21.30493),
	(263.49810216, 6.45328288, 23.96504, 23.84089, 21.23204),
	(263.42250991, 6.37731518, 26.47748, 22.11587, 20.76896),
	(263.40738368, 6.36292885, 24.05998, 22.57617, 21.07816),
	(263.43925722, 6.39588984, 22.20405, 20.5918, 20.01072),
	(263.48660073, 6.4444003, 22.61973, 22.04476, 21.60113),
	(263.5094173, 6.46789412, 23.9607, 22.58981, 22.46584),
	(63.49750076, 6.45682944, 22.80271, 21.35887, 20.3889)

GO


CREATE TABLE [mydb].[MyCatalog2]
(
	[ObjID] [bigint] IDENTITY(1,1) NOT NULL,
	[Ra] [float] NOT NULL,
	[Dec] [float] NOT NULL,
	[mag_g] [float] NOT NULL,
	[mag_r] [float] NOT NULL,
	[mag_i] [float] NOT NULL,
	CONSTRAINT [PK_MyCatalog2] PRIMARY KEY CLUSTERED 
	(
		[ObjID] ASC
	) WITH (PAD_INDEX = OFF, STATISTICS_NORECOMPUTE = OFF, IGNORE_DUP_KEY = OFF, ALLOW_ROW_LOCKS = ON, ALLOW_PAGE_LOCKS = ON) ON [PRIMARY]
) ON [PRIMARY]

GO


INSERT [mydb].[MyCatalog2]
	(Ra, Dec, mag_g, mag_r, mag_i)
VALUES
	(263.40867207, 6.27896065, 23.47177, 21.69188, 21.18722),
	(263.43406403, 6.30947246, 22.72938, 21.86932, 21.19864),
	(263.40616068, 6.28081089, 20.57455, 19.69652, 19.33889),
	(263.40803023, 6.28729414, 22.95704, 20.8329, 20.23505),
	(263.41150187, 6.29095996, 23.01003, 20.95041, 19.84021),
	(263.43306932, 6.3150788, 25.25804, 21.01757, 20.30796),
	(263.42712033, 6.31074259, 22.75493, 21.88667, 20.66283),
	(263.4223842, 6.30609057, 22.75909, 21.56059, 21.55142),
	(263.43345209, 6.31848352, 21.25745, 20.01342, 19.71959),
	(263.40820661, 6.29213701, 22.27276, 21.28579, 20.3279),
	(263.42381127, 6.30924289, 23.99088, 21.94403, 20.51614),
	(263.41246987, 6.30229645, 24.84565, 22.94453, 21.38941),
	(263.40123025, 6.2913653, 26.32451, 22.06498, 21.11088),
	(263.44211413, 6.34025984, 23.85979, 22.42437, 20.932),
	(263.41536808, 6.31249, 22.63746, 21.80891, 21.46546),
	(263.43818234, 6.33676487, 23.68965, 22.59907, 21.00224),
	(263.45572389, 6.35493534, 21.63558, 20.67782, 20.00704),
	(263.45811155, 6.35867045, 22.9357, 21.22196, 20.06526),
	(263.43248334, 6.33433983, 23.8391, 23.26538, 21.51553),
	(263.43102396, 6.33344044, 23.2767, 22.59141, 20.70537),
	(263.40283176, 6.3045036, 26.43796, 24.02654, 21.45874),
	(263.43907646, 6.34311103, 22.36704, 20.84571, 20.09839),
	(263.41750223, 6.32294676, 21.5723, 20.95234, 20.6911),
	(263.41121263, 6.31676208, 21.85615, 21.22926, 20.94818),
	(263.39349835, 6.30066352, 26.3162, 23.55802, 21.52916),
	(263.41429611, 6.32451781, 22.99831, 21.77429, 21.62908),
	(263.40888677, 6.32018764, 22.43437, 21.22899, 20.81155),
	(263.38146282, 6.29260146, 20.12132, 18.83755, 19.01108),
	(263.46812076, 6.38255622, 25.82022, 22.52467, 21.23684),
	(263.44744112, 6.36151626, 22.91824, 21.06559, 20.47453),
	(263.40310556, 6.31621652, 22.05346, 20.95592, 20.1929),
	(263.43187504, 6.34825512, 20.409, 19.13909, 18.58245),
	(263.39164194, 6.30669782, 24.03715, 22.84481, 21.16284),
	(263.44903278, 6.36693275, 22.45597, 21.81112, 21.62815),
	(263.40295522, 6.31964125, 23.01927, 21.87161, 21.13121),
	(263.41575071, 6.33365628, 25.34701, 23.21771, 21.22391),
	(263.44383422, 6.3635064, 20.8388, 18.86433, 18.73601),
	(3.42482623, 6.34396288, 22.29361, 21.26458, 19.89304),
	(263.41841774, 6.33868615, 22.90238, 21.58285, 21.24602),
	(263.43012347, 6.35084961, 22.53761, 21.46101, 20.87561),
	(263.39270698, 6.31260574, 23.24104, 22.23395, 21.45046),
	(263.38338397, 6.30533054, 19.78104, 19.22917, 18.97514),
	(263.46278429, 6.38793843, 22.85766, 21.24398, 20.81153),
	(263.42876596, 6.35451651, 22.09126, 21.07802, 21.49145),
	(263.37507502, 6.29957235, 19.99186, 19.397, 19.19206),
	(263.42461239, 6.35156818, 24.7282, 23.32842, 21.63886),
	(263.41510401, 6.34179269, 25.45049, 22.44326, 21.1549),
	(263.4540086, 6.38206139, 24.72978, 22.64961, 21.34009),
	(263.38125204, 6.30656045, 22.97384, 22.10812, 21.61465),
	(263.45900743, 6.3884019, 22.17671, 21.11469, 21.3936),
	(263.3978526, 6.32637992, 23.80548, 22.73029, 20.94004),
	(263.4322712, 6.36224821, 24.3206, 22.92469, 21.77836),
	(263.39435098, 6.32330014, 22.5864, 21.41694, 20.63534),
	(263.38637531, 6.31641761, 21.62238, 20.92636, 20.68917),
	(263.37497971, 6.30448937, 20.13812, 19.71695, 19.66856),
	(263.42667868, 6.35865901, 21.78837, 20.8439, 20.55304),
	(263.48744233, 6.42126583, 25.55434, 22.2666, 21.41908),
	(263.38880055, 6.32000253, 25.70705, 22.525, 20.87518),
	(63.37172016, 6.30498521, 19.6928, 18.99199, 18.81705),
	(263.37396752, 6.30958487, 24.52889, 21.83779, 20.96744),
	(263.44281224, 6.38233023, 25.18706, 21.7423, 22.28284),
	(263.37547414, 6.31320183, 20.8782, 19.77538, 19.36538),
	(263.46640002, 6.40785856, 22.87822, 21.03086, 20.32526),
	(263.36908867, 6.30713371, 23.26387, 22.42528, 21.50131),
	(263.44423111, 6.38531382, 22.22846, 20.88203, 19.93023),
	(263.36860627, 6.307799, 23.48485, 23.29825, 21.16452),
	(263.49493513, 6.43815465, 23.27528, 21.42925, 20.59535),
	(263.45911714, 6.40214498, 23.37703, 22.24945, 21.20406),
	(263.480879, 6.42446179, 23.26778, 22.35417, 21.59884),
	(263.36751923, 6.30805931, 22.19034, 20.53412, 19.87628),
	(263.38134935, 6.32282988, 23.77682, 22.77244, 23.70366),
	(263.46554713, 6.40989284, 22.01324, 20.91478, 20.62889),
	(263.40412792, 6.34678353, 23.32985, 22.01684, 22.0449),
	(263.45709782, 6.40253978, 22.51891, 21.60872, 21.39531),
	(263.42311664, 6.36774504, 22.53048, 21.60953, 21.49972),
	(263.36779091, 6.31020601, 22.48737, 22.01729, 22.19823),
	(263.40552942, 6.35011891, 23.18706, 22.24557, 22.22124),
	(263.36064121, 6.30367195, 23.43118, 21.98151, 22.22107),
	(263.36393097, 6.30719582, 24.00186, 22.38159, 21.81511),
	(263.49102787, 6.4388798, 22.05235, 21.10879, 20.77577),
	(263.36689557, 6.31116025, 23.37283, 21.73892, 21.12111),
	(263.46523195, 6.41313978, 21.99093, 20.33935, 19.69054),
	(263.46637325, 6.41467949, 23.66651, 21.9756, 21.43722),
	(263.47175666, 6.42017497, 24.44003, 22.13234, 20.96818),
	(263.47483317, 6.42399541, 22.38494, 24.2503, 25.47459),
	(263.41870686, 6.36748272, 22.29274, 21.54408, 21.20613),
	(263.46766179, 6.41772072, 21.91333, 20.20925, 19.91189),
	(263.43464446, 6.38402449, 22.34996, 21.68083, 21.08099),
	(263.45757374, 6.40830846, 25.57703, 20.94386, 20.87542),
	(263.4909028, 6.44304838, 22.69182, 21.27491, 20.78152),
	(263.37233275, 6.32201105, 22.29361, 21.7074, 20.7657),
	(263.392843, 6.34436445, 23.8248, 21.93629, 21.07363),
	(263.48737119, 6.44238652, 22.48925, 21.48298, 21.30493),
	(263.49810216, 6.45328288, 23.96504, 23.84089, 21.23204),
	(263.42250991, 6.37731518, 26.47748, 22.11587, 20.76896),
	(263.40738368, 6.36292885, 24.05998, 22.57617, 21.07816),
	(263.43925722, 6.39588984, 22.20405, 20.5918, 20.01072),
	(263.48660073, 6.4444003, 22.61973, 22.04476, 21.60113),
	(263.5094173, 6.46789412, 23.9607, 22.58981, 22.46584),
	(63.49750076, 6.45682944, 22.80271, 21.35887, 20.3889)

GO


CREATE TABLE [mydb].[MySDSSSample](
	[objID] [bigint] NOT NULL,
	[ra] [float] NOT NULL,
	[dec] [float] NOT NULL,
	[cx] [float] NOT NULL,
	[cy] [float] NOT NULL,
	[cz] [float] NOT NULL,
	[raErr] [float] NOT NULL,
	[decErr] [float] NOT NULL,
	[raDecCorr] [float] NOT NULL,
	[b] [float] NOT NULL,
	[l] [float] NOT NULL,
	[htmID] [bigint] NOT NULL,
	[u] [real] NOT NULL,
	[g] [real] NOT NULL,
	[r] [real] NOT NULL,
	[i] [real] NOT NULL,
	[z] [real] NOT NULL,
	[err_u] [real] NOT NULL,
	[err_g] [real] NOT NULL,
	[err_r] [real] NOT NULL,
	[err_i] [real] NOT NULL,
	[err_z] [real] NOT NULL,
	CONSTRAINT [PK_MySDSSSample] PRIMARY KEY CLUSTERED 
	(
		[objID] ASC
	) WITH (PAD_INDEX = OFF, STATISTICS_NORECOMPUTE = OFF, IGNORE_DUP_KEY = OFF, ALLOW_ROW_LOCKS = ON, ALLOW_PAGE_LOCKS = ON) ON [PRIMARY]
)

GO

INSERT mydb.MySDSSSample
VALUES
(587747122128879984, 0.04726135, 0.00039352, 0.99999966, 0.00082487, 6.87E-06, 0.10879037725399, 0.105620470482342, 0.0365441672269133, -60.2069806841668, 96.4248201230012, 17042430625527, 22.29635, 21.10505, 20.20233, 19.81143, 19.61724, 0.6329336, 0.06750598, 0.04377047, 0.05314898, 0.1609215),
(587731186203951422, 0.04724954, 0.00041121, 0.99999966, 0.00082466, 7.18E-06, 0.0703555151673382, 0.0870635278572122, 0, -60.2069595873955, 96.4248120985767, 17042430625527, 22.1936, 21.22006, 20.31412, 19.93164, 19.82047, 0.3827772, 0.0628671, 0.04190785, 0.04854285, 0.1722706),
(588015509269381451, 0.047244, 0.0004852, 0.99999966, 0.00082456, 8.47E-06, 0.0783499437524021, 0.165607987494709, 0, -60.2068894735256, 96.4248606026975, 17042430625482, 24.56566, 21.04948, 20.30241, 19.92434, 19.40962, 2.298958, 0.06220048, 0.04953234, 0.05444443, 0.1564092),
(587747122128879748, 0.03908716, 0.00153151, 0.99999977, 0.0006822, 2.673E-05, 0.096423842400026, 0.0815583867408973, 0.20785585535868, -60.202689009386, 96.4106333359937, 17042430298817, 19.19211, 16.70576, 15.23693, 14.38945, 13.93511, 0.0327937, 0.003694718, 0.003030967, 0.002895323, 0.003363486),
(587731186203951164, 0.03899493, 0.00153873, 0.99999977, 0.00068059, 2.686E-05, 0.0538662524263089, 0.0462862707001225, 0, -60.2026454058661, 96.4104689499966, 17042430298818, 19.45226, 16.71187, 15.24051, 14.39417, 13.9469, 0.03088088, 0.004092311, 0.004077794, 0.00365804, 0.004158034),
(588015509269381132, 0.03902481, 0.00154502, 0.99999977, 0.00068111, 2.697E-05, 0.0539946683180362, 0.0557582867783907, 0, -60.2026514983294, 96.4105290077364, 17042430298829, 19.31025, 16.71471, 15.2302, 14.41351, 13.93547, 0.03435099, 0.004318927, 0.003869996, 0.003896673, 0.00436096),
(587731186203951509, 0.09753051, 0.00174235, 0.99999855, 0.00170223, 3.041E-05, 0.186474620900882, 0.200706302300073, 0, -60.2256767884029, 96.5188001754366, 17042431861604, 25.91361, 21.56061, 23.0885, 21.31894, 20.86572, 2.176251, 0.1697172, 1.035333, 0.3533324, 0.9472262),
(588015509269381728, 0.09666869, 0.00191383, 0.99999858, 0.00168719, 3.34E-05, 0.152595451480573, 0.104068023024587, 0, -60.2251787662077, 96.5173432534416, 17042431807964, 23.56811, 23.73738, 21.81622, 22.44087, 21.46824, 1.509247, 0.6034329, 0.1748349, 0.4674295, 0.8716018),
(587747122128879781, 0.07493803, 0.00278259, 0.99999914, 0.00130791, 4.857E-05, 0.0983491725038738, 0.0840840217099145, 0.194431156590583, -60.2157702103173, 96.4778629434137, 17042430549345, 25.68357, 21.43824, 19.98482, 18.69655, 18.01521, 1.161136, 0.06022516, 0.02471999, 0.01491129, 0.02618066),
(88015509269381801, 0.07828351, 0.00280545, 0.99999907, 0.0013663, 4.896E-05, 0.124139658437902, 0.235725009699926, 0, -60.2170767499902, 96.4840640572875, 17042430503552, 27.16005, 26.31063, 25.21164, 21.76463, 21.61142, 0.3206927, 0.4989673, 0.9156941, 0.2047596, 0.7674245),
(587731186203951301, 0.07491969, 0.00281076, 0.99999914, 0.00130759, 4.906E-05, 0.0547583176616901, 0.0474510800849628, 0, -60.2157371275652, 96.477851466249, 17042430549347, 23.98712, 21.26521, 19.85276, 18.71912, 18.095, 1.000939, 0.04375609, 0.01999532, 0.01302061, 0.02576956),
(588015509269381243, 0.07494085, 0.00281456, 0.99999914, 0.00130796, 4.912E-05, 0.0559338942219509, 0.0574297984479909, 0, -60.2157424251946, 96.4778933900378, 17042430549345, 23.92384, 21.32232, 19.94386, 18.74868, 18.08138, 1.17172, 0.05139535, 0.02434106, 0.01408322, 0.03102682),
(588015509269381442, 0.0440826, 0.00320035, 0.9999997, 0.00076939, 5.586E-05, 0.234728997726925, 0.14868775755104, 0, -60.2031417444563, 96.4211932063778, 17042430626095, 25.63068, 22.51219, 22.31772, 22.41045, 21.61872, 1.361991, 0.1937494, 0.2417488, 0.4100947, 0.8762251),
(587747122128880267, 0.04930562, 0.00324622, 0.99999963, 0.00086055, 5.666E-05, 0.175518938190984, 0.16079357016169, 0.108412364315767, -60.2051746676395, 96.4308762607578, 17042430636570, 22.98524, 24.74564, 24.96217, 24.11472, 20.69007, 0.7521037, 0.7560605, 0.8445168, 0.9926434, 0.255535),
(587747122128880240, 0.08289974, 0.00360511, 0.99999895, 0.00144687, 6.292E-05, 0.413894660270642, 0.297930298495895, 0.413585073139016, -60.2181713462763, 96.4932350600666, 17042430494118, 24.61183, 23.97617, 22.73907, 21.10938, 24.10094, 2.551899, 0.7520099, 0.400582, 0.1648757, 0.8033971),
(588015509269381853, 0.08273026, 0.00360527, 0.99999896, 0.00144391, 6.292E-05, 0.200685263157807, 0.23797935167536, 0, -60.2181047153966, 96.4929215650283, 17042430494142, 26.94525, 23.8592, 24.63815, 20.26462, 19.48646, 2.298895, 2.973882, 5.802926, 0.3289219, 0.752535),
(588015509269381821, 0.06755904, 0.00376656, 0.9999993, 0.00117913, 6.574E-05, 0.132547814440108, 0.155212975625203, 0, -60.2119411574145, 96.465012877183, 17042430528116, 26.72482, 24.90273, 23.84186, 24.57189, 20.06433, 0.452112, 0.8114406, 0.6799923, 0.9673057, 0.1952798),
(7747122128880138, 0.00932266, 0.00438549, 0.99999998, 0.00016271, 7.654E-05, 0.178785012698403, 0.164699711871329, 0.101507992420974, -60.1882304575068, 96.3579752182036, 17042430291076, 22.66132, 23.22075, 21.79662, 21.99829, 21.37758, 0.6255457, 0.3116267, 0.127729, 0.2654788, 0.5237542),
(587731186203886080, 0.00932228, 0.00445044, 0.99999998, 0.0001627, 7.767E-05, 0.384773906397595, 0.107080573165476, 0, -60.1881708463241, 96.35802601062, 17042430289224, 22.50524, 22.13619, 21.51904, 21.2775, 20.57417, 0.6473492, 0.1760922, 0.1504445, 0.2011024, 0.4221705),
(588015509269381652, 0.00926049, 0.00446575, 0.99999998, 0.00016163, 7.794E-05, 0.119198669840463, 0.124257977665452, 0, -60.1881322318768, 96.3579252794367, 17042430291096, 24.21783, 23.59792, 22.26254, 21.62993, 22.99554, 1.433508, 0.3679884, 0.1714998, 0.1538908, 1.023905),
(588015509269381539, 0.08988775, 0.00530726, 0.99999877, 0.00156884, 9.263E-05, 0.175640323482876, 0.141527179424374, 0, -60.2193774708725, 96.5075115126436, 17042431817321, 25.34492, 22.55225, 24.99461, 24.05233, 21.7519, 1.262059, 0.1581411, 0.8604542, 0.9002017, 0.7329951),
(588015509269381538, 0.09060642, 0.00538963, 0.99999875, 0.00158138, 9.407E-05, 0.136940977999436, 0.185543649717263, 0, -60.2195862558316, 96.5089056024357, 17042431817218, 24.04185, 25.46885, 22.51083, 22.32953, 21.77218, 1.316251, 0.6746067, 0.212206, 0.274345, 0.6956294),
(587747122128879964, 0.02923887, 0.00539967, 0.99999987, 0.00051031, 9.424E-05, 0.266381848158965, 0.452202349975731, -0.684840327573348, -60.1952249706862, 96.3955436228758, 17042430351991, 23.17044, 22.60365, 21.93071, 21.66206, 21.05158, 1.137755, 0.2155369, 0.1746131, 0.2385954, 0.4879248),
(588015509269381669, 0.02907851, 0.00547687, 0.99999987, 0.00050752, 9.559E-05, 0.208765207329314, 0.133962306812992, 0, -60.1950903086076, 96.3953104060019, 17042430351945, 24.94158, 22.80809, 21.94726, 21.85762, 21.56375, 1.829231, 0.2396336, 0.1672596, 0.2440345, 0.8117325),
(587731186203951387, 0.02930905, 0.00549182, 0.99999986, 0.00051154, 9.585E-05, 0.169137196716228, 0.130621466121825, 0, -60.1951674290611, 96.3957475116006, 17042430351974, -9999, -9999, 21.60706, 21.48635, 21.73261, -9999, -9999, 0.1471092, 0.2249225, 0.9997517),
(587747122128879958, 0.01507358, 0.00563916, 0.99999996, 0.00026308, 9.842E-05, 0.161723133130524, 0.155524329474915, 0.0483044372114667, -60.1893698762533, 96.3695906852369, 17042430253889, 22.65112, 22.16101, 21.6797, 21.44063, 21.90499, 0.7533664, 0.1508106, 0.140688, 0.197652, 0.9504246),
(587731186203951367, 0.01509935, 0.0056569, 0.99999996, 0.00026353, 9.873E-05, 0.146442154795277, 0.136035427442817, 0, -60.1893638576317, 96.3696524834455, 17042430253889, -9999, -9999, -9999, -9999, -9999, -9999, -9999, -9999, -9999, -9999),
(588015509269381389, 0.0150264, 0.0056671, 0.99999996, 0.00026226, 9.891E-05, 0.27329168322051, 0.397131360901259, 0, -60.189325405853, 96.369526460551, 17042430253902, 25.36918, 22.21266, 22.17933, 21.81491, 21.0407, 1.360561, 0.1302139, 0.1857286, 0.2102282, 0.4804533),
(587747122128879987, 0.06347793, 0.00592886, 0.99999938, 0.0011079, 0.00010348, 0.112097379511422, 0.10110621258136, 0.127740820852919, -60.2083374456253, 96.4591988115968, 17042430720727, 25.62082, 22.9005, 21.52505, 21.18756, 20.96947, 1.20687, 0.209504, 0.08760128, 0.1124223, 0.3227602),
(587731186203951460, 0.0634376, 0.00598069, 0.99999938, 0.00110719, 0.00010438, 0.0695467358953705, 0.0659664161588258, 0, -60.2082739029007, 96.459164830214, 17042430720727, -9999, -9999, -9999, -9999, -9999, -9999, -9999, -9999, -9999, -9999),
(588015509269381706, 0.06345828, 0.00601952, 0.99999938, 0.00110756, 0.00010506, 0.0863301617946661, 0.0878415850670839, 0, -60.2082465976285, 96.4592351067559, 17042430720732, 23.33456, 23.10995, 21.36555, 20.84583, 19.8486, 1.050583, 0.3007043, 0.09669895, 0.09472328, 0.1819119),
(587731186203951408, 0.03959705, 0.0066011, 0.99999975, 0.0006911, 0.00011521, 0.168115946147666, 0.190050693501695, 0, -60.1982387797193, 96.4156285093505, 17042431162174, -9999, -9999, -9999, -9999, -9999, -9999, -9999, -9999, -9999, -9999),
(587731186203951754, 0.0710734, 0.00736123, 0.99999922, 0.00124046, 0.00012848, 0.399745283835035, 0.398794612969141, 0, -60.2100347938352, 96.4743755060399, 17042430543286, -9999, -9999, -9999, -9999, -9999, -9999, -9999, -9999, -9999, -9999),
(587747122128879804, 0.04299139, 0.00737044, 0.99999971, 0.00075034, 0.00012864, 0.265608076677317, 0.22043751723843, 0.23166680356211, -60.1988815341076, 96.4225109533366, 17042431155198, 18.49366, 28.58058, 24.01713, 21.4613, 17.65457, 0.1642027, 0.9465139, 10.44186, 2.131702, 0.2388976),
(587747122128879990, 0.07116214, 0.00739487, 0.99999922, 0.00124201, 0.00012906, 0.214232447055057, 0.337940321321191, -0.582925482190127, -60.2100397003565, 96.4745661285103, 17042430543282, 21.82803, 21.52863, 20.86488, 20.59769, 20.59457, 0.4348661, 0.1013561, 0.08412321, 0.1135446, 0.4048287),
(588015509269381489, 0.07115553, 0.00742085, 0.99999922, 0.0012419, 0.00012952, 0.135288190457659, 0.330541434007618, 0, -60.21001299798, 96.4745755177159, 17042430543282, 22.62772, 21.84076, 21.25046, 21.05672, 21.01175, 0.7068325, 0.1186209, 0.1116402, 0.1425921, 0.6220493),
(587747122128879957, 0.01869711, 0.00745779, 0.99999994, 0.00032633, 0.00013016, 0.124570056535148, 0.115607609940738, 0.0923443919812647, -60.189143746381, 96.3777339961844, 17042430475681, 21.63573, 21.15028, 20.88771, 20.52179, 20.22394, 0.3104718, 0.06277306, 0.07134624, 0.08923215, 0.2459606),
(588015509269381397, 0.01864681, 0.0074809, 0.99999994, 0.00032545, 0.00013057, 0.0842413132418473, 0.0745356960178048, 0, -60.1891021108006, 96.3776597483832, 17042430475683, 22.67348, 21.38396, 21.07543, 20.7513, 21.02888, 0.5747585, 0.06304856, 0.06948566, 0.08170938, 0.4649767),
(587747122128880163, 0.08868613, 0.00820051, 0.99999879, 0.00154786, 0.00014313, 0.14446980889448, 0.145909941719507, -0.0122568073742312, -60.2162438805294, 96.5075964851827, 17042431815315, 26.24105, 23.56462, 22.17009, 21.31092, 20.71208, 0.7516632, 0.3725299, 0.1592037, 0.1301137, 0.2647632),
(588015509269381726, 0.08874299, 0.0082935, 0.99999879, 0.00154886, 0.00014475, 0.126022771274987, 0.170186561603772, 0, -60.216181522027, 96.5077764067525, 17042431811950, 23.08195, 23.23759, 21.92279, 21.12319, 20.33457, 0.7919987, 0.3080291, 0.1471765, 0.1117173, 0.2579912),
(588015509269381541, 0.09030268, 0.00882107, 0.99999875, 0.00157608, 0.00015396, 0.160351996984069, 0.148079297628227, 0, -60.2163150100303, 96.5110801463786, 17042431856945, 22.48992, 22.14793, 21.28105, 20.51077, 19.9028, 1.051728, 0.2635255, 0.1840404, 0.1487813, 0.4035904),
(587747122128879675, 0.07269588, 0.00893058, 0.99999918, 0.00126878, 0.00015587, 0.159395170730988, 0.159216362125602, 0.00138692359159715, -60.2092373759479, 96.4786261779646, 17042430556131, 23.195, 22.25646, 21.48889, 22.33308, 21.6137, 1.351757, 0.1828239, 0.1343878, 0.4967538, 0.8614415),
(588015509269381487, 0.07036666, 0.00916793, 0.99999923, 0.00122813, 0.00016001, 0.0790278226968304, 0.0792732540286276, 0, -60.2080961549559, 96.4745119319985, 17042430545014, 23.43855, 23.25189, 21.45506, 20.52301, 19.72663, 0.9214793, 0.2748051, 0.08609364, 0.05840468, 0.1308469),
(587747122128880162, 0.08999193, 0.00919826, 0.99999875, 0.00157065, 0.00016054, 0.369115495320533, 0.575847483866891, -0.567836045666514, -60.215844868973, 96.5108055881285, 17042431857112, 27.45163, 22.29608, 21.00997, 20.18534, 20.11138, 0.4834255, 0.2372052, 0.1171318, 0.09483173, 0.3152969),
(587747122128879989, 0.07041353, 0.0091986, 0.99999923, 0.00122895, 0.00016055, 0.121614829215508, 0.108783929627927, 0.138054524431825, -60.2080864901651, 96.474623432899, 17042430544996, 23.77648, 23.55226, 21.53384, 20.71247, 20.26066, 1.403078, 0.3777349, 0.09199277, 0.07741537, 0.18212),
(587747122128879674, 0.07453904, 0.00988574, 0.99999914, 0.00130095, 0.00017254, 0.0964311377164991, 0.0815679859540345, 0.207805565660368, -60.2090916217823, 96.4827942064746, 17042430553684, 18.34875, 16.65178, 16.03065, 15.77765, 15.64038, 0.01891701, 0.003571745, 0.003394991, 0.003512183, 0.005746474),
(588015509269381147, 0.07452481, 0.00990195, 0.99999914, 0.0013007, 0.00017282, 0.0540059887758899, 0.0557670137100462, 0, -60.2090711875036, 96.4827805379356, 17042430553684, 18.37506, 16.49511, 16.01201, 15.79309, 15.66849, 0.0199395, 0.006292379, 0.006678344, 0.007438199, 0.01077423),
(588015509269381402, 0.0209744, 0.01005861, 0.99999992, 0.00036607, 0.00017556, 0.10693527138471, 0.118867442633656, 0, -60.1876630847577, 96.384017471223, 17042430465010, 24.52381, 22.91015, 23.89558, 23.55292, 22.88376, 1.42003, 0.1969898, 0.5820155, 0.6457628, 0.9505771),
(588015509269381525, 0.08662671, 0.01012503, 0.99999884, 0.00151192, 0.00017672, 0.295921558780331, 0.167122924277002, 0, -60.2136611506388, 96.5053246358698, 17042433905453, 25.81391, 22.63728, 25.06225, 24.63313, 21.42761, 1.145514, 0.2101699, 1.061835, 1.129306, 0.7347317),
(588015509269381406, 0.02273716, 0.01012855, 0.99999991, 0.00039684, 0.00017678, 0.141866656000988, 0.144163961829507, 0, -60.1883003772225, 96.3873269647561, 17042430337169, 24.71885, 22.40505, 24.31334, 23.71427, 23.63286, 1.67516, 0.1492341, 0.8744154, 0.8832582, 0.8974569),
(588015509269381483, 0.06783321, 0.01014433, 0.99999928, 0.00118391, 0.00017705, 0.130795940476658, 0.204550012673987, 0, -60.2061951423182, 96.4706099797271, 17042430542828, 22.24713, 22.60403, 23.89255, 24.60439, 21.5011, 0.4474348, 0.2072105, 0.8389782, 1.170127, 0.7935525),
(588015509269381450, 0.04678301, 0.01015823, 0.99999965, 0.00081652, 0.00017729, 0.0920984956078805, 0.145954133950488, 0, -60.1978293298708, 96.4317404250363, 17042430680418, 25.85405, 22.90203, 25.80405, 25.79413, 23.28646, 0.8327481, 0.19966, 0.5293449, 0.4074061, 0.8806868),
(588015509269381549, 0.09356463, 0.01019634, 0.99999865, 0.00163301, 0.00017796, 0.0971399621983179, 0.128640669400265, 0, -60.2163433874021, 96.5182062802641, 17042431867118, 24.61402, 22.93697, 24.93844, 24.58432, 22.06607, 1.402788, 0.20007, 0.7741677, 0.7902342, 0.7790413),
(588015509269381414, 0.02755735, 0.01021799, 0.99999987, 0.00048097, 0.00017834, 0.116798941506383, 0.153043784272603, 0, -60.1901349510277, 96.3962949231636, 17042430358755, 24.10208, 23.07509, 25.09644, 24.2079, 22.75981, 1.277869, 0.2273148, 0.7428583, 0.8225488, 0.9618827),
(588015509269381827, 0.03465562, 0.01063599, 0.9999998, 0.00060485, 0.00018563, 0.150739082771595, 0.179315103396403, 0, -60.1925729858534, 96.4097306326612, 17042431157108, 21.91471, 21.05274, 26.27283, 28.04618, 25.85137, 1.961015, 0.3136853, 3.332506, 0.5363281, 1.128737),
(587747122128880007, 0.09948564, 0.01226634, 0.99999847, 0.00173635, 0.00021409, 0.109133659817241, 0.0993929518389572, 0.115693450423556, -60.2167861115685, 96.5308023643822, 17042432050018, 25.11595, 22.38863, 20.98465, 19.37682, 18.48593, 1.728042, 0.1457601, 0.06082214, 0.02631221, 0.04123225),
(588015509269381258, 0.09950773, 0.01230614, 0.99999847, 0.00173674, 0.00021478, 0.0642845144782837, 0.065882876425768, 0, -60.2167587301906, 96.5308751744296, 17042432050019, 24.74482, 22.61436, 21.13824, 19.49065, 18.63355, 1.379162, 0.1501259, 0.06172596, 0.02369677, 0.04746482),
(587747122128880134, 0.01638376, 0.01274685, 0.99999993, 0.00028595, 0.00022247, 0.148831986873146, 0.179829051323907, -0.235158341428009, -60.1833702992434, 96.3776971743723, 17042430491067, 24.64049, 23.31747, 21.83208, 20.89655, 20.10664, 1.890436, 0.3223711, 0.1236659, 0.09351114, 0.1665776),
(588015509269381660, 0.01641862, 0.01286282, 0.99999993, 0.00028656, 0.0002245, 0.0975671844372576, 0.0829334631450738, 0, -60.1832775589089, 96.3778547299258, 17042430491033, 25.88319, 24.37786, 21.99397, 21.11277, 20.66316, 0.7990423, 0.5844766, 0.1261872, 0.08958219, 0.2728294),
(587747122128879749, 0.07899635, 0.01311768, 0.99999902, 0.00137875, 0.00022895, 0.0971785665726363, 0.0825955115345706, 0.201796385488398, -60.2078904613204, 96.4936095128929, 17042433957059, 21.79816, 20.04396, 19.44599, 19.1489, 19.07075, 0.2708569, 0.02066307, 0.0168469, 0.02061085, 0.0619193),
(588015509269381224, 0.07898481, 0.01314565, 0.99999902, 0.00137854, 0.00022943, 0.0548725760289509, 0.0565432379150756, 0, -60.2078604248977, 96.4936092121663, 17042433957058, 22.02232, 20.06076, 19.41759, 19.25394, 19.04455, 0.2710383, 0.02042002, 0.01694528, 0.01997367, 0.06786706),
(587747122128879991, 0.08329796, 0.01336312, 0.99999892, 0.00145382, 0.00023323, 0.122527500242202, 0.113524593292736, 0.0943915000997578, -60.2093701407903, 96.5017536737899, 17042433961209, 22.53439, 22.35684, 21.29659, 20.95275, 20.75, 0.5644571, 0.1440124, 0.08086618, 0.1038611, 0.3003673),
(588015509269381514, 0.08329431, 0.01339562, 0.99999892, 0.00145376, 0.0002338, 0.16484336433529, 0.128702104001397, 0, -60.2093387967187, 96.5017733602644, 17042433961178, 22.79382, 22.27567, 21.35709, 21.06694, 20.52786, 0.6991897, 0.1508576, 0.1017011, 0.1228278, 0.3500387),
(587747122128880131, 0.01125591, 0.01394479, 0.99999995, 0.00019645, 0.00024338, 0.198325658301185, 0.208568408804712, -0.0622466792694973, -60.1802309829751, 96.3691948772788, 17042430478653, 22.56093, 22.83807, 21.65441, 21.05681, 21.24293, 0.7941512, 0.3157574, 0.1596675, 0.1629237, 0.6715025),
(587747122128879956, 0.0327886, 0.01482532, 0.9999998, 0.00057227, 0.00025875, 0.149733646188489, 0.161655209387186, -0.0947497593126692, -60.1879864210562, 96.4096341377656, 17042431186550, 23.59642, 21.75775, 20.83729, 20.6181, 20.3524, 1.827416, 0.1207413, 0.0790813, 0.1135513, 0.3230206),
(587747122128879971, 0.05587939, 0.01488134, 0.99999949, 0.00097528, 0.00025973, 0.133984136424645, 0.157146756713459, -0.197867473495409, -60.1971049315297, 96.4523112093634, 17042430749527, 24.49267, 22.72679, 21.47019, 21.24352, 20.48945, 2.042944, 0.2122612, 0.09890237, 0.1401021, 0.2533058),
(588015509269381427, 0.03330463, 0.01516322, 0.9999998, 0.00058128, 0.00026465, 0.0962149883262421, 0.0827340572758456, 0, -60.1878820473967, 96.4108572156276, 17042431203416, 24.97077, 22.68387, 21.98135, 22.03718, 22.38799, 1.349085, 0.1621107, 0.1253863, 0.1996877, 0.8983579),
(587747122128880233, 0.03572492, 0.01534902, 0.99999977, 0.00062352, 0.00026789, 0.225409367301495, 0.19029237259778, 0.210260302363533, -60.1886730265614, 96.4154728304795, 17042431212619, 25.74259, 25.53952, 23.54635, 21.74926, 21.51493, 1.15527, 0.7675564, 0.4966618, 0.188574, 0.5194383),
(587747122128879778, 0.05087805, 0.01565982, 0.99999957, 0.00088799, 0.00027332, 0.0992190950990667, 0.0857588069894208, 0.180782174409435, -60.1944055062531, 96.4436971014376, 17042430696355, 21.77315, 20.39774, 19.38959, 18.98056, 18.63046, 0.3804134, 0.03531294, 0.02332392, 0.02481185, 0.06272513),
(588015509269381240, 0.05086018, 0.01567086, 0.99999957, 0.00088768, 0.00027351, 0.0570795434361197, 0.0599659029149125, 0, -60.1943884417001, 96.4436729973295, 17042430696355, 21.67504, 20.40191, 19.4255, 19.06756, 18.81642, 0.3063589, 0.03539738, 0.02315747, 0.0250528, 0.08886668),
(587747122128879982, 0.07770846, 0.01585232, 0.99999904, 0.00135627, 0.00027668, 0.110844800565507, 0.0995322365803503, 0.13327325722558, -60.2048693499614, 96.4934104195023, 17042433964270, 23.90211, 21.9993, 20.24896, 19.46844, 18.97286, 2.074011, 0.139143, 0.04369752, 0.03769796, 0.08414242),
(7747122128880231, 0.02242158, 0.01598971, 0.99999988, 0.00039133, 0.00027907, 0.187441969336237, 0.152248444258602, 0.258805698027388, -60.1827965744445, 96.3914323958944, 17042430318630, 22.92126, 23.55557, 22.73206, 21.59817, 21.25489, 0.6993779, 0.3585489, 0.2464578, 0.1595779, 0.4107735),
(588015509269381404, 0.02240297, 0.01603924, 0.99999988, 0.00039101, 0.00027994, 0.188869098755012, 0.108049084113614, 0, -60.182743558759, 96.3914384301626, 17042430318630, 24.28245, 23.08052, 22.16516, 21.54376, 20.97497, 1.902355, 0.3108766, 0.2072137, 0.1876785, 0.5122187),
(587747122128880262, 0.02646677, 0.01610644, 0.99999985, 0.00046193, 0.00028111, 0.171583471913094, 0.158772318697415, 0.0959772726636955, -60.1842977948334, 96.3989904522715, 17042430325848, 25.70083, 25.19741, 24.40584, 24.09865, 20.26172, 1.170414, 0.7993849, 0.7866862, 0.9824958, 0.175874),
(587747122128880141, 0.03633619, 0.01692675, 0.99999976, 0.00063419, 0.00029543, 0.132419143843376, 0.118832705248288, 0.134022840247668, -60.1874683419717, 96.4178623613519, 17042431199947, 24.82506, 23.19629, 21.64376, 20.95115, 20.9927, 1.898629, 0.2920069, 0.1054318, 0.09961899, 0.3642635),
(587747122128879983, 0.07622998, 0.01709476, 0.99999907, 0.00133046, 0.00029836, 0.114472031377525, 0.108291004007638, 0.0686236126416437, -60.2031430240311, 96.4916686485963, 17042433945616, 23.94822, 23.06925, 20.8981, 20.10344, 19.75605, 1.714623, 0.2847386, 0.06105651, 0.05213349, 0.132863),
(587747122128879955, 0.03181746, 0.01709639, 0.9999998, 0.00055532, 0.00029839, 0.219283716431877, 0.197437023737876, 0.129910781545379, -60.1855164687921, 96.4096571660705, 17042431193293, 24.07441, 22.80046, 25.01764, 24.43039, 22.28092, 1.645426, 0.2032361, 0.907337, 1.099368, 0.8700101),
(587747122128880158, 0.08893592, 0.01746946, 0.99999875, 0.00155222, 0.0003049, 0.192246470948591, 0.176607466992516, 0.104968977247773, -60.2078320863193, 96.5154465597468, 17042431838164, 22.50108, 25.69336, 26.12451, 25.3915, 20.13684, 0.6929157, 1.013929, 0.7005535, 1.037544, 0.2311209),
(7747122128879949, 0.01947704, 0.01747836, 0.9999999, 0.00033994, 0.00030505, 0.13459109337337, 0.118364793947987, 0.159173671123148, -60.1802606914697, 96.3871899781935, 17042430441141, 21.56561, 21.26093, 20.24586, 19.813, 19.63813, 0.4158029, 0.09857674, 0.05913892, 0.06944422, 0.2156825),
(588015509269381398, 0.01943857, 0.01749424, 0.9999999, 0.00033927, 0.00030533, 0.186317160409082, 0.100404085132233, 0, -60.1802306898131, 96.3871319810223, 17042430441141, 26.7215, 21.88411, 20.73226, 20.14455, 19.66485, 0.7056003, 0.1433605, 0.07619599, 0.07253353, 0.216267),
(588015509269381679, 0.03735971, 0.01833457, 0.99999974, 0.00065205, 0.00032, 0.113432323971413, 0.149695532508008, 0, -60.1865828928985, 96.4208761416092, 17042431170535, 25.43403, 23.62841, 22.43363, 21.72042, 22.75563, 1.2268, 0.3940225, 0.211039, 0.1739614, 1.106167),
(587747122128880137, 0.03733969, 0.01834638, 0.99999974, 0.0006517, 0.0003202, 0.189841914478308, 0.171238236270683, 0.127661428601762, -60.1865643938617, 96.4208482825794, 17042431170535, 22.95218, 23.20666, 22.40605, 22.34646, 21.17846, 0.7430097, 0.2800655, 0.1929391, 0.322227, 0.4019952),
(587747122128879972, 0.0670287, 0.01997328, 0.99999925, 0.00116987, 0.0003486, 0.131219625772695, 0.11733517768334, 0.138478074143532, -60.1968526834913, 96.4769668185323, 17042430510059, 22.81719, 22.3367, 21.39896, 20.84599, 21.1127, 0.7493415, 0.1477077, 0.09154788, 0.09783854, 0.425624),
(588015509269381482, 0.06699462, 0.02002358, 0.99999926, 0.00116928, 0.00034948, 0.0993933173336525, 0.0731303362004239, 0, -60.1967939545778, 96.4769445987577, 17042430510058, 23.70912, 22.14674, 21.38635, 21.05986, 20.58974, 1.361909, 0.1302952, 0.09875679, 0.116419, 0.3419663),
(588015509269381241, 0.05127717, 0.0208125, 0.99999953, 0.00089496, 0.00036325, 0.0574161545738288, 0.0578108644016599, 0, -60.1898341365591, 96.4485486883709, 17042430699414, 21.05879, 19.58936, 18.21584, 17.68555, 17.27183, 0.3341918, 0.03136592, 0.01507343, 0.01469621, 0.04373527),
(587747122128879776, 0.05126939, 0.02081495, 0.99999953, 0.00089482, 0.00036329, 0.0989868242107812, 0.0846702467215988, 0.193816651077686, -60.1898288383642, 96.4485357077474, 17042430699414, 20.83935, 19.59957, 18.25542, 17.69834, 17.30005, 0.2691382, 0.02829183, 0.01378545, 0.01447977, 0.03234103),
(588015509269381273, 0.08790066, 0.02116563, 0.99999875, 0.00153416, 0.00036941, 0.166461731081521, 0.220594219045098, 0, -60.2040276820866, 96.5164795333786, 17042431836257, 21.84307, 25.85011, 26.11273, 23.98601, 22.15681, 0.240535, 0.5589982, 0.4286048, 0.8042925, 0.8469906),
(587747122128879803, 0.06475525, 0.02156267, 0.99999929, 0.00113019, 0.00037634, 0.111600372797679, 0.105206860056225, 0.0729389117062429, -60.1944925704144, 96.4740355711115, 17042430723004, 20.84726, 20.43785, 20.03764, 19.86566, 19.57143, 0.1685221, 0.03636406, 0.03677911, 0.05386488, 0.1469623),
(587747122128879970, 0.07005635, 0.02211739, 0.99999918, 0.00122271, 0.00038602, 0.241982943174747, 0.209660553811853, 0.177768392416966, -60.196085240051, 96.4842690435077, 17042434114690, 21.99387, 22.57915, 23.06707, 21.74027, 22.54678, 0.347888, 0.1726061, 0.3721151, 0.2048811, 0.9701256),
(588015509269381485, 0.06975396, 0.02229748, 0.99999918, 0.00121744, 0.00038916, 0.138731475233996, 0.240183688869246, 0, -60.1957998597159, 96.4838547857806, 17042434115400, 22.8576, 22.50247, 22.30578, 22.13486, 22.80562, 0.6568333, 0.1640726, 0.2051503, 0.2728237, 1.209332),
(587747122128880117, 0.00530901, 0.02259156, 0.99999992, 9.266E-05, 0.0003943, 0.208035242457634, 0.173858753273723, 0.22293380517014, -60.169931774951, 96.365145865138, 17042430392342, 23.17369, 23.96565, 21.7331, 21.08916, 20.69059, 1.016207, 0.6079974, 0.1302459, 0.128712, 0.3217994),
(587747122128879938, 0.01755194, 0.02289205, 0.99999987, 0.00030634, 0.00039954, 0.102199619427921, 0.0896963239546739, 0.161699448295293, -60.1745270002025, 96.3879680095859, 17042430397399, 23.07145, 22.04169, 20.55146, 20.04165, 19.75222, 0.842224, 0.1053616, 0.0405454, 0.04421411, 0.1216721),
(587747122128880288, 0.00803442, 0.02409779, 0.9999999, 0.00014023, 0.00042059, 0.252019425224195, 0.306430718693425, -0.24307825720472, -60.1696342847333, 96.37137767539, 17042430385885, 26.74029, 23.41248, 21.99088, 21.11494, 24.40117, 0.9333541, 0.6170863, 0.2708225, 0.2146746, 0.8344296),
(587747122128880130, 0.03032052, 0.02417857, 0.99999977, 0.00052919, 0.000422, 0.205825600553132, 0.168188315013164, 0.251220835889339, -60.1784224675489, 96.4125544815525, 17042431217951, 24.60752, 25.66739, 21.97433, 20.77645, 20.80937, 2.180124, 0.8957286, 0.1640136, 0.09859431, 0.3602214),
(587747122128880121, 0.02075802, 0.02549328, 0.99999984, 0.0003623, 0.00044494, 0.162293986836006, 0.179848701565344, -0.127125540499454, -60.1734160949725, 96.3959626391431, 17042431102559, 22.26948, 23.12797, 21.81611, 21.53223, 21.04802, 0.553428, 0.3591267, 0.1633742, 0.221762, 0.5062004),
(587747122128880150, 0.07509767, 0.02581977, 0.99999904, 0.0013107, 0.00045064, 0.131794724353594, 0.120552590020653, 0.11031354604938, -60.1946836842537, 96.4965334617768, 17042434150347, 25.40967, 23.52432, 22.01647, 21.31291, 20.99467, 1.384543, 0.3559154, 0.1359305, 0.1281451, 0.3304635),
(87747122128879961, 0.06493748, 0.0263742, 0.99999925, 0.00113337, 0.00046032, 0.116650003251192, 0.117343579106841, -0.00732498378074578, -60.1901473640389, 96.4782100491976, 17042434049812, 21.70431, 20.94261, 20.57858, 20.33161, 20.56275, 0.3073682, 0.04794025, 0.04933577, 0.06810042, 0.2938711),
(587747122128879933, 0.016788, 0.02640234, 0.99999985, 0.00029301, 0.00046081, 0.16123055905053, 0.125754664241043, 0.310213981327245, -60.1710025489679, 96.3893661659258, 17042430395504, 21.84171, 21.39912, 19.76694, 19.3685, 18.86684, 0.4827343, 0.1016327, 0.03629166, 0.04359144, 0.09974749),
(588015509269381478, 0.06484363, 0.02644194, 0.99999925, 0.00113173, 0.0004615, 0.0735880799491837, 0.0871089772845558, 0, -60.1900479103501, 96.478090442008, 17042434049832, 22.61038, 21.00854, 20.69066, 20.54286, 20.22894, 0.5841914, 0.04935978, 0.05500753, 0.0741593, 0.257082),
(588015509269381391, 0.01681062, 0.02645433, 0.99999985, 0.0002934, 0.00046172, 0.0968707584726832, 0.0803226306850443, 0, -60.1709636505489, 96.3894490709162, 17042430395620, 21.8048, 21.20545, 19.84051, 19.35909, 19.06128, 0.4544502, 0.08887561, 0.04088894, 0.04280304, 0.1477114)

-- Use a query to populate MySDSSSample from PhotoObjAll
/*
SELECT TOP 100
	objID, ra, dec, cx, cy, cz, raErr, decErr, raDecCorr,
	b, l, htmID, u, g, r, i, z, err_u, err_g, err_r, err_i, err_z
FROM PhotoObj
WHERE ra BETWEEN 0 AND 0.1 AND dec BETWEEN 0 AND 0.1
*/


GO

SELECT *
INTO mydb.MyCatalog_NoPK
FROM mydb.MyCatalog

GO

CREATE TABLE mydb.BayesFactorTest
(
	objID int NOT NULL PRIMARY KEY,
	RA float NOT NULL,
	Dec float NOT NULL
)

GO

WITH l AS
(
	SELECT 0 AS d
	UNION ALL
	SELECT d + 1 FROM l WHERE d < 30
)
INSERT mydb.BayesFactorTest
SELECT d, 0, CAST(d as float)/3600.0
FROM l

GO

CREATE TABLE [mydb].[SampleData](
	[float] [real] NULL,
	[double] [float] NULL,
	[decimal] [money] NULL,
	[nvarchar(50)] [nvarchar](50) NULL,
	[bigint] [bigint] NULL,
	[int] [int] NOT NULL,
	[tinyint] [tinyint] NULL,
	[smallint] [smallint] NULL,
	[bit] [bit] NULL,
	[ntext] [nvarchar](max) NULL,
	[char] [char](1) NULL,
	[datetime] [datetime] NULL,
	[guid] [uniqueidentifier] NULL
) ON [PRIMARY] TEXTIMAGE_ON [PRIMARY]



INSERT [mydb].[SampleData]
VALUES (1.234568,
		1.23456789,
		1.2346,
		'this is text',
		123456789,
		123456,
		123,
		12345,
		1,
		N'this is unicode text ő',
		'A',
		'2012-08-17 00:00:00.000',
		'68652251-C9E4-4630-80BE-88B96D3258CE')
